num_comps,regRC,regRC_std_err,diffRC,diffRC_std_err,BTL-MLE-reg,BTL-MLE-reg_std_err,RankSVM,RankSVM_std_err,RF-RankSVM,RF-RankSVM_std_err,SNN,SNN_std_err
10,0.48896761133603234,0.005568301233419789,0.4573076923076923,0.004076771805064788,0.5065384615384616,0.0031502652307301513,0.47200404858299605,0.007998194478597728,0.4842307692307692,0.0041114028105417475,0.47080971659919024,0.006476208069543651
20,0.4887651821862349,0.004142224253620295,0.4481578947368421,0.004927931746849914,0.4906275303643726,0.002353977725634564,0.4670850202429149,0.007722352363368897,0.48595141700404865,0.004311132609960537,0.46708502024291504,0.006853899472297803
40,0.46572874493927136,0.0046958567199058745,0.4461740890688259,0.004526677449646453,0.473259109311741,0.0037246385975102728,0.4467408906882592,0.004860194890092694,0.4763562753036438,0.0034749957415739063,0.4380566801619433,0.004740906246409058
80,0.4554453441295546,0.0031453444943387874,0.43917004048582997,0.0035159647416298048,0.45714574898785426,0.0035370432079010815,0.4476315789473683,0.005410978884452755,0.45734817813765183,0.003798584479244924,0.42520242914979756,0.004972829765832744
160,0.43914979757085015,0.003433320122354531,0.426497975708502,0.0028248079410729127,0.43580971659919027,0.003312482594155499,0.42931174089068824,0.002885364630304515,0.4482591093117409,0.0028377072445681466,0.40524291497975706,0.0040787816042105445
320,0.4111336032388664,0.0030699233186807146,0.40641700404858294,0.002002366078986294,0.4087449392712551,0.0027050473298804332,0.4080161943319839,0.0034537284339860265,0.4186437246963563,0.0035459757484028395,0.3830566801619434,0.002059665618245219
640,0.3900202429149798,0.001988607548751974,0.3903846153846154,0.0019163263148368039,0.38813765182186233,0.0018178317988699951,0.3851821862348178,0.001849852463823554,0.3935425101214575,0.002184823918703215,0.36465587044534414,0.0018711506460689427
1280,0.3623481781376519,1.2412670766236365e-17,0.3753036437246964,0.0,0.3635627530364373,1.2412670766236365e-17,0.3651821862348178,0.0,0.37139676113360326,0.001855354541416883,0.3583400809716599,0.0012402482304351042
