num_comps,RC,RC_std_err,reg-RC $\lambda = 32^{-1}$,reg-RC $\lambda = 32^{-1}$_std_err,reg-RC $\lambda = 64^{-1}$,reg-RC $\lambda = 64^{-1}$_std_err,reg-RC $\lambda = 128^{-1}$,reg-RC $\lambda = 128^{-1}$_std_err,regRC-decayed,regRC-decayed_std_err,BTL-MLE,BTL-MLE_std_err
100,0.49812616455118447,8.777083671441753e-18,0.4777701646745626,0.0015544762751977298,0.5107891665209977,0.0023049184139401027,0.5930051874241926,0.003440239943879486,0.4745408881493475,0.001120118648399632,0.4945226085682276,0.0021140561521477744
200,0.49812616455118447,8.777083671441753e-18,0.46111725463879216,0.001464851835890619,0.47264085843163056,0.002392967659374027,0.542504111638559,0.003664429707140383,0.46098170900629964,0.0017327536368428988,0.5035760405242001,0.0031174145333396357
400,0.49812616455118447,8.777083671441753e-18,0.445156317370819,0.0009728380684903892,0.4299692509226406,0.0017630745636729337,0.4546279332292148,0.002936690465031833,0.4311211790726719,0.002098884120828501,0.4964323652778546,0.0036650715002667002
800,0.49812616455118447,8.777083671441753e-18,0.4364807371713638,0.0006923806812450506,0.40423442489911154,0.0012717939671803473,0.389533419459725,0.0023471165317974765,0.39594023364001835,0.002846174980892994,0.4799189625811702,0.00524739056928243
1600,0.5086146103806761,0.01035651044127449,0.4318498678133941,0.00048587216152694285,0.38930274362296297,0.0009012016232072491,0.3472594037438985,0.001579243017128812,0.35169968551153163,0.0029047274721183108,0.4298022150337756,0.005187953853803614
3200,0.49469206404960664,0.005652821174742417,0.4297973729312137,0.000380651089150082,0.3822525707095754,0.0007046549012668576,0.3261255783646818,0.0012282825360033685,0.3083536393973781,0.003179287822630445,0.354349999272213,0.0049655969027261855
6400,0.36145573098797346,0.01457072972733018,0.42864132979120234,0.0002803618289656159,0.37835246374214665,0.0005184341517160297,0.313973616598292,0.0009033038721454861,0.24274124785415493,0.0027415272866624712,0.26089282955572857,0.003359008531821063
12800,0.224046229648699,0.010207569492242243,0.4281454733035327,0.000251750034237972,0.37646823997613726,0.00045832473634894533,0.30788677500926087,0.0007745178482305009,0.18723574539144,0.001821079545528295,0.19261772745614086,0.0020846042265675
