num_comps,regRC,regRC_std_err,diffRC_decay,diffRC_decay_std_err,BTL-MLE-reg,BTL-MLE-reg_std_err,RankSVM,RankSVM_std_err,RF-RankSVM,RF-RankSVM_std_err,SNN,SNN_std_err
160,0.07604757051601584,0.002532986606798625,0.18999476235146967,0.006811816674014521,0.13977878951715128,0.003717241966107452,0.13700101626016262,0.006659885965782778,0.08101070981863664,0.006442438698329839,0.10408650247175819,0.017784948144716962
320,0.1371300308889341,0.0037229142564209217,0.25008130081300817,0.006160324484885087,0.18880684693142838,0.004061257656032814,0.1484128361475922,0.004032482793385335,0.11208192620387743,0.005905942760907775,0.14525508747916097,0.003817061749564334
640,0.20711024064797146,0.003139935057900332,0.31970309568480315,0.004682625944596775,0.2458090708554222,0.0031920538229910883,0.1561182770481551,0.0012660001896156578,0.12998819574734213,0.005597291083993113,0.14635452372586089,0.004311837192249798
1280,0.30160165430613345,0.003140363725090584,0.42174069731081937,0.003083528207408098,0.32004608564042,0.0030324428031001725,0.15662898686679178,0.0011635594704324022,0.16557191994996878,0.00397022421355247,0.15361839741605332,0.0026443910479050834
2560,0.4170239342116421,0.0030985690765317547,0.5223088649155724,0.003781622508346542,0.4294872584678071,0.0029132531279269435,0.158448248905566,0.0005114217658947804,0.18801258599124454,0.0017033950209401107,0.15740748428732815,0.0009595986387712928
5120,0.5350701426028622,0.002280791777514573,0.6160192307692308,0.001970489662284443,0.547843455592213,0.002008488453722274,0.15952087242026267,0.0002788235571350533,0.2046684646654159,0.0012232295118476673,0.16141174171357103,0.0005708658484116878
10240,0.6538370075046905,0.0017551806589039657,0.7022233427141965,0.0016674961975477241,0.6687309255784866,0.0015539470456144887,0.15925312695434649,0.0002493232173887706,0.21982074734208884,0.001378020488404751,0.16301500938086305,0.0005756542631100715
20480,0.7414063477173234,0.0007114616791920244,0.7671727642276424,0.0008439413076676204,0.7586530644152597,0.0008686121520613608,0.16010256410256413,0.0001247426217423728,0.22308872732958104,0.0012982667861031441,0.16353431832395252,0.0008546765197815905
