num_comps,regRC,regRC_std_err,diffRC_decay,diffRC_decay_std_err,BTL-MLE-reg,BTL-MLE-reg_std_err,RankSVM,RankSVM_std_err,RF-RankSVM,RF-RankSVM_std_err,SNN,SNN_std_err
100,0.07359446495778224,0.0040021129573141676,0.3000648648648649,0.012290131363762884,0.1338152845922517,0.004582917885011414,0.7066700700700699,0.017911047600536138,0.03237857857857858,0.0054063662251761764,0.2775155155155155,0.04656753270541007
200,0.13459413730893105,0.004713518028157477,0.3544434434434434,0.00690892869032532,0.19205866703689858,0.004265904884381185,0.7909319319319319,0.01002789454118807,0.05063443443443444,0.004140704548852479,0.5801115115115115,0.015877975941279914
400,0.20605076179336151,0.004069712622012571,0.41001561561561567,0.00612385628194425,0.24418038706200734,0.004097219258166809,0.8320146146146147,0.006194056312536409,0.07165625625625625,0.005535773803219313,0.7140210210210209,0.014886734132152345
800,0.3091413219022977,0.003953732431319453,0.49344964964964966,0.005409898317955843,0.32755630824002147,0.004177388198335593,0.8621173173173172,0.003720245575503984,0.09534614614614614,0.003541471602059698,0.789493093093093,0.007578076458467411
1600,0.41571002322078987,0.003280386561139517,0.5646410410410411,0.0037537612588513557,0.42637178350449767,0.003111985458962783,0.8766470470470471,0.0026118870415624464,0.12386026026026027,0.004401885729019408,0.833334134134134,0.002821672709568383
3200,0.5317716799545916,0.002185032157792268,0.6436952952952953,0.00235247383069719,0.5456810876655797,0.002235012817575667,0.8880690690690691,0.0013467935409077435,0.15714814814814812,0.004594086737346997,0.856922065423146,0.002247468907157905
6400,0.647607007007007,0.002336543685736329,0.713891891891892,0.002120327919256796,0.6638478478478478,0.002276492207569681,0.8972336336336335,0.0005716247501246373,0.17425465465465464,0.00473660733168585,0.8812948948948949,0.0016430899492779606
12800,0.7432100100100101,0.0014404678365825734,0.7746302302302304,0.0011838128806783545,0.7585645645645646,0.0011801250941236362,0.8999585585585587,0.0002741762426824921,0.1875221221221221,0.003430921972580884,0.9005319319319319,0.0015993925775674128
