num_comps,regRC,regRC_std_err,diffRC_decay,diffRC_decay_std_err,BTL-MLE-reg,BTL-MLE-reg_std_err,RankSVM,RankSVM_std_err,RF-RankSVM,RF-RankSVM_std_err,SNN,SNN_std_err
100,0.06366385915137843,0.0035945876603284024,0.5750314314314313,0.022219167988761404,0.12030924837814638,0.005337135654524407,0.025497897897897897,0.018129625010870096,0.7084262262262262,0.016100709639856343,0.01612492492492492,0.01924708440137491
200,0.11119717938778953,0.0036876479393749633,0.6703881881881882,0.014850224790941939,0.15101688190758603,0.004676739620735432,0.050995795795795794,0.015204008795479652,0.7982970970970972,0.014267391099536224,0.07921561561561562,0.017888238636768306
400,0.1716613647246614,0.004527412190127383,0.7415955955955956,0.008654666419823818,0.2046144626134891,0.004915664015172258,0.07649369369369367,0.00828409223452492,0.8288918918918918,0.010542028068984577,0.17535675675675677,0.017396685824969876
800,0.2458506877672289,0.00424579653647602,0.7677035035035036,0.005845750191018797,0.26306095611119473,0.0048616972208580704,0.07649369369369367,0.00828409223452492,0.8757133133133135,0.007160137920074859,0.23783563563563564,0.011596008565013442
1600,0.3490349892989899,0.004621659824146965,0.8087663663663663,0.002933568713524284,0.3579736800774579,0.004572616278530685,0.08499299299299298,3.103167691559091e-18,0.9063425425425427,0.004435099216253335,0.27114014014014015,0.006875003096689585
3200,0.4619736185075314,0.0026007371070418586,0.8307505505505507,0.0026068100813334046,0.47022337527266045,0.0028118199048556463,0.08499299299299298,3.103167691559091e-18,0.9214250250250251,0.004116470539926468,0.3503150331263468,0.003759787809603652
6400,0.5636602602602603,0.002325852125271326,0.8448824824824823,0.0025132208565640697,0.5715155155155156,0.002552495962001985,0.08499299299299298,3.103167691559091e-18,0.925372772772773,0.004187120428766343,0.36202542542542543,0.0023257119523351086
12800,0.6595253253253253,0.0016079784581420782,0.8628950950950951,0.0017260355315327595,0.6681507507507508,0.0015517079652503018,0.08499299299299298,3.103167691559091e-18,0.9324014014014013,0.0031421021066304253,0.3708120120120121,0.0011979961612668137
