num_comps,regRC,regRC_std_err,diffRC_decay,diffRC_decay_std_err,BTL-MLE-reg,BTL-MLE-reg_std_err,RankSVM,RankSVM_std_err,RF-RankSVM,RF-RankSVM_std_err,SNN,SNN_std_err
100,0.06366385915137843,0.0035945876603284024,0.4079675675675675,0.017652545206972736,0.12030924837814638,0.005337135654524407,0.025497897897897897,0.018129625010870096,0.7084262262262262,0.016100709639856343,0.026836636636636636,0.01845821669770824
200,0.11119717938778953,0.0036876479393749633,0.4488684684684685,0.014693138210901673,0.15101688190758603,0.004676739620735432,0.050995795795795794,0.015204008795479652,0.7982970970970972,0.014267391099536224,0.0607009009009009,0.016494342997418296
400,0.1716613647246614,0.004527412190127383,0.5457573573573574,0.008528542292986115,0.2046144626134891,0.004915664015172258,0.07649369369369367,0.00828409223452492,0.8288918918918918,0.010542028068984577,0.15083143143143143,0.01974062321253901
800,0.2458506877672289,0.00424579653647602,0.6028482482482482,0.007581711778128982,0.26306095611119473,0.0048616972208580704,0.07649369369369367,0.00828409223452492,0.8757133133133135,0.007160137920074859,0.24516736736736738,0.01616393407232981
1600,0.3490349892989899,0.004621659824146965,0.6673603603603603,0.004716525629360116,0.3579736800774579,0.004572616278530685,0.08499299299299298,3.103167691559091e-18,0.9063425425425427,0.004435099216253335,0.30017037037037037,0.009118144711694578
3200,0.4619736185075314,0.0026007371070418586,0.7149363363363364,0.0032703793432438963,0.47022337527266045,0.0028118199048556463,0.08499299299299298,3.103167691559091e-18,0.9214250250250251,0.004116470539926468,0.3509911911911912,0.004560299075388183
6400,0.5636602602602603,0.002325852125271326,0.753725125125125,0.004067995714313644,0.5715155155155156,0.002552495962001985,0.08499299299299298,3.103167691559091e-18,0.925372772772773,0.004187120428766343,0.3618662662662663,0.0015324719717561197
12800,0.6595253253253253,0.0016079784581420782,0.7896918918918919,0.002342545177001859,0.6681507507507508,0.0015517079652503018,0.08499299299299298,3.103167691559091e-18,0.9324014014014013,0.0031421021066304253,0.3682068068068068,0.0008600180838668781
